{
    "alexnet": {
        "conv1": {
            "Avg": 3.1574890654330807,
            "EVC": 6.84367944007821,
            "IT": 1.2526576815920696
        },
        "conv2": {
            "Avg": 10.406253807825207,
            "EVC": 16.79268594269172,
            "IT": 7.106077982686059
        },
        "conv3": {
            "Avg": 10.787345880368171,
            "EVC": 17.852960398110906,
            "IT": 7.13620393932973
        },
        "conv4": {
            "Avg": 11.793160992019319,
            "EVC": 13.982970976168337,
            "IT": 10.661581133543619
        },
        "conv5": {
            "Avg": 5.599636630614965,
            "EVC": 8.028890388044198,
            "IT": 4.344324688971046
        },
        "fc6": {
            "Avg": 6.786430313722892,
            "EVC": 3.245080831622349,
            "IT": 8.616415460733547
        },
        "fc7": {
            "Avg": 6.842204402291778,
            "EVC": 3.527104340077894,
            "IT": 8.555275621432548
        },
        "fc8": {
            "Avg": 3.222864464463919,
            "EVC": 2.469661552070816,
            "IT": 3.612080538542827
        }
    },
    "resnet": {
        "block1": {
            "Avg": 3.9368818251385456,
            "EVC": 8.588086950391432,
            "IT": 1.5333810303330715
        },
        "block2": {
            "Avg": 4.525397765008267,
            "EVC": 10.803461841863445,
            "IT": 1.2812209135861932
        },
        "block3": {
            "Avg": 3.5606922737158846,
            "EVC": 7.4481128066304425,
            "IT": 1.551875614593533
        },
        "block4": {
            "Avg": 10.846232885567611,
            "EVC": 12.449304615153185,
            "IT": 10.01784882758014
        },
        "fc": {
            "Avg": 2.337663217091786,
            "EVC": 3.3061473197032316,
            "IT": 1.8372010255309446
        }
    },
    "vgg": {
        "fc6": {
            "Avg": 2.704709661768925,
            "EVC": 4.141256346566649,
            "IT": 1.962377082210036
        },
        "fc7": {
            "Avg": 3.3224877491583835,
            "EVC": 2.8930827115806954,
            "IT": 3.544381929552188
        },
        "fc8": {
            "Avg": 2.333340525990466,
            "EVC": 2.3441771998987524,
            "IT": 2.3277406967741188
        },
        "maxpool1": {
            "Avg": 3.389835932534934,
            "EVC": 7.235365866761842,
            "IT": 1.402666155140932
        },
        "maxpool2": {
            "Avg": 4.680066553501215,
            "EVC": 10.028847167463297,
            "IT": 1.916095042741621
        },
        "maxpool3": {
            "Avg": 8.019991489751272,
            "EVC": 14.33328862147002,
            "IT": 4.757608028840346
        },
        "maxpool4": {
            "Avg": 10.294918115716628,
            "EVC": 15.745806603566354,
            "IT": 7.478182568661927
        },
        "maxpool5": {
            "Avg": 6.556338665655901,
            "EVC": 9.50304698792657,
            "IT": 5.03363312936709
        }
    }
}